{"categories":{"positive":true,"negative":true},"docCount":{"positive":2,"negative":3},"totalDocuments":5,"vocabulary":{"amazing":true,"awesome":true,"movie":true,"Yeah":true,"Oh":true,"boy":true,"":true,"Sweet":true,"this":true,"is":true,"incredibly":true,"perfect":true,"great":true,"terrible":true,"shitty":true,"thing":true,"Damn":true,"Sucks":true,"This":true,"Don":true,"t":true,"be":true,"an":true,"ash0le":true},"vocabularySize":24,"wordCount":{"positive":15,"negative":14},"wordFrequencyCount":{"positive":{"amazing":2,"awesome":1,"movie":1,"Yeah":1,"Oh":1,"boy":1,"":2,"Sweet":1,"this":1,"is":1,"incredibly":1,"perfect":1,"great":1},"negative":{"terrible":2,"shitty":1,"thing":1,"Damn":1,"Sucks":1,"":1,"This":1,"is":1,"Don":1,"t":1,"be":1,"an":1,"ash0le":1}},"options":{}}