[
    {
        "name": "Donovan Cottrell",
        "address": "2710 Joyce Street  Fairhope, AL 36532",
        "phone": "251-928-0994",
        "birthday": "October 22, 1962",
        "emailAddress": "DonovanBCottrell@armyspy.com",
        "bloodType": "B+",
        "height": "178",
        "weight": "85.6"
    },
    {
        "name": "Herbert Denny",
        "address": "727 Fowler Avenue  Chamblee, GA 30341",
        "phone": "770-220-4978",
        "birthday": "October 13, 1973",
        "emailAddress": "HerbertVDenny@dayrep.com",
        "bloodType": "O+",
        "height": "184",
        "weight": "78.5"
    },
    {
        "name": "Jasmine Lang",
        "address": "4650 Oakwood Avenue  New York, NY 10007",
        "phone": "432-625-0002",
        "birthday": "October 15, 1980",
        "emailAddress": "JasmineSLang@teleworm.us",
        "bloodType": "A+",
        "height": "163",
        "weight": "60.9"
    },
    {
        "name": "Tyler Smith",
        "address": "4560 Hide A Way Road  Orlando, FL 32811",
        "phone": "407-995-6876",
        "birthday": "March 21, 1940",
        "emailAddress": "TylerISmith@jourrapide.com",
        "bloodType": "O+",
        "height": "165",
        "weight": "99.4"
    },
    {
        "name": "Gordon White",
        "address": "4115 Pinnickinick Street  Camas, WA 98607",
        "phone": "360-833-2114",
        "birthday": "March 11, 1954",
        "emailAddress": "GordonRWhite@dayrep.com",
        "bloodType": "O-",
        "height": "186",
        "weight": "84.1"
    },
    {
        "name": "Juanita Miller",
        "address": "1001 Sumner Street  Riverside, CA 92507",
        "phone": "310-591-4624",
        "birthday": "January 15, 1967",
        "emailAddress": "JuanitaTMiller@jourrapide.com",
        "bloodType": "O+",
        "height": "172",
        "weight": "100.1"
    },
    {
        "name": "William Nelson",
        "address": "2599 South Street  Midland, TX 79701",
        "phone": "432-625-0002",
        "birthday": "February 2, 1991",
        "emailAddress": "WilliamSNelson@armyspy.com",
        "bloodType": "O+",
        "height": "173",
        "weight": "97.8"
    }
]