{
    "ToCountry": "US",
    "ToState": "MN",
    "SmsMessageSid": "5db850c1bad8f710d81d92af",
    "NumMedia": "0",
    "ToCity": "CHASKA",
    "FromZip": "",
    "SmsSid": "5db850c1bad8f710d81d92af",
    "FromState": "",
    "SmsStatus": "received",
    "FromCity": "",
    "Body": "book Vincent Lab 2019-10-30 at 11:30 I want my hair colored green.",
    "FromCountry": "DK",
    "To": "+6546456546",
    "ToZip": "55318",
    "NumSegments": "1",
    "MessageSid": "5db850c1bad8f710d81d92af",
    "AccountSid": "5db8506fbad8f710d81d92ae",
    "From": "+4564565468",
    "ApiVersion": "2010-04-01"
}